--POBLACION TABLE PRODUCTS
INSERT INTO products (name, type) VALUES ('Apple', 0);
INSERT INTO products (name, type) VALUES ('Banana', 0);
INSERT INTO products (name, type) VALUES ('Milk', 0);
INSERT INTO products (name, type) VALUES ('Bread', 0);
INSERT INTO products (name, type) VALUES ('Chicken', 0);
INSERT INTO products (name, type) VALUES ('Rice', 0);
INSERT INTO products (name, type) VALUES ('Salmon', 0);
INSERT INTO products (name, type) VALUES ('Carrot', 0);
INSERT INTO products (name, type) VALUES ('Potato', 0);
INSERT INTO products (name, type) VALUES ('Orange Juice', 0);
INSERT INTO products (name, type) VALUES ('Medicine A', 1);
INSERT INTO products (name, type) VALUES ('Medicine B', 1);
INSERT INTO products (name, type) VALUES ('Painkiller', 1);
INSERT INTO products (name, type) VALUES ('Antibiotic', 1);
INSERT INTO products (name, type) VALUES ('Vitamin C', 1);
INSERT INTO products (name, type) VALUES ('Antacid', 1);
INSERT INTO products (name, type) VALUES ('Cough Syrup', 1);
INSERT INTO products (name, type) VALUES ('Allergy Medication', 1);
INSERT INTO products (name, type) VALUES ('Insulin', 1);
INSERT INTO products (name, type) VALUES ('Antidepressant', 1);

--POBLACION TABLE USERS
INSERT INTO users (dni, email, lastname, name, phone_number, role) VALUES ('123456789A', 'john.doe@example.com', 'Doe', 'John', '1234567890', 0);
INSERT INTO users (dni, email, lastname, name, phone_number, role) VALUES ('987654321B', 'alice.smith@example.com', 'Smith', 'Alice', '1987654321', 0);
INSERT INTO users (dni, email, lastname, name, phone_number, role) VALUES ('111111111C', 'bob.johnson@example.com', 'Johnson', 'Bob', '1111111111', 1);
INSERT INTO users (dni, email, lastname, name, phone_number, role) VALUES ('222222222D', 'emma.williams@example.com', 'Williams', 'Emma', '1222222222', 1);
INSERT INTO users (dni, email, lastname, name, phone_number, role) VALUES ('333333333E', 'michael.brown@example.com', 'Brown', 'Michael', '1333333333', 1);
INSERT INTO users (dni, email, lastname, name, phone_number, role) VALUES ('444444444F', 'olivia.jones@example.com', 'Jones', 'Olivia', '1444444444', 1);
INSERT INTO users (dni, email, lastname, name, phone_number, role) VALUES ('555555555G', 'sophia.garcia@example.com', 'Garcia', 'Sophia', '1555555555', 1);
INSERT INTO users (dni, email, lastname, name, phone_number, role) VALUES ('666666666H', 'liam.miller@example.com', 'Miller', 'Liam', '1666666666', 1);
INSERT INTO users (dni, email, lastname, name, phone_number, role) VALUES ('777777777I', 'ava.davis@example.com', 'Davis', 'Ava', '1777777777', 1);
INSERT INTO users (dni, email, lastname, name, phone_number, role) VALUES ('888888888J', 'noah.rodriguez@example.com', 'Rodriguez', 'Noah', '1888888888', 1);
INSERT INTO users (dni, email, lastname, name, phone_number, role) VALUES ('999999999K', 'isabella.martinez@example.com', 'Martinez', 'Isabella', '1999999999', 1);
INSERT INTO users (dni, email, lastname, name, phone_number, role) VALUES ('000000000L', 'james.hernandez@example.com', 'Hernandez', 'James', '1000000000', 1);
INSERT INTO users (dni, email, lastname, name, phone_number, role) VALUES ('121212121M', 'william.lopez@example.com', 'Lopez', 'William', '1121212121', 2);
INSERT INTO users (dni, email, lastname, name, phone_number, role) VALUES ('232323232N', 'charlotte.gonzalez@example.com', 'Gonzalez', 'Charlotte', '1232323232', 2);
INSERT INTO users (dni, email, lastname, name, phone_number, role) VALUES ('343434343O', 'daniel.wilson@example.com', 'Wilson', 'Daniel', '1343434343', 2);
INSERT INTO users (dni, email, lastname, name, phone_number, role) VALUES ('454545454P', 'emily.anderson@example.com', 'Anderson', 'Emily', '1454545454', 2);
INSERT INTO users (dni, email, lastname, name, phone_number, role) VALUES ('565656565Q', 'alexander.taylor@example.com', 'Taylor', 'Alexander', '1565656565', 2);
INSERT INTO users (dni, email, lastname, name, phone_number, role) VALUES ('676767676R', 'mia.thomas@example.com', 'Thomas', 'Mia', '1676767676', 2);
INSERT INTO users (dni, email, lastname, name, phone_number, role) VALUES ('787878787S', 'david.moore@example.com', 'Moore', 'David', '1787878787', 2);
INSERT INTO users (dni, email, lastname, name, phone_number, role) VALUES ('898989898T', 'sophie.jackson@example.com', 'Jackson', 'Sophie', '1898989898', 2);
INSERT INTO users (dni, email, lastname, name, phone_number, role) VALUES ('101010101U', 'william.andrews@example.com', 'Andrews', 'William', '1010101010', 2);
INSERT INTO users (dni, email, lastname, name, phone_number, role) VALUES ('111111111V', 'olivia.edwards@example.com', 'Edwards', 'Olivia', '1111111111', 2);
INSERT INTO users (dni, email, lastname, name, phone_number, role) VALUES ('121212121W', 'liam.perez@example.com', 'Perez', 'Liam', '1212121212', 2);
INSERT INTO users (dni, email, lastname, name, phone_number, role) VALUES ('131313131X', 'ava.gonzalez@example.com', 'Gonzalez', 'Ava', '1313131313', 2);
INSERT INTO users (dni, email, lastname, name, phone_number, role) VALUES ('141414141Y', 'noah.cooper@example.com', 'Cooper', 'Noah', '1414141414', 2);
INSERT INTO users (dni, email, lastname, name, phone_number, role) VALUES ('151515151Z', 'isabella.rogers@example.com', 'Rogers', 'Isabella', '1515151515', 2);
INSERT INTO users (dni, email, lastname, name, phone_number, role) VALUES ('161616161A', 'james.murphy@example.com', 'Murphy', 'James', '1616161616', 2);
INSERT INTO users (dni, email, lastname, name, phone_number, role) VALUES ('171717171B', 'william.kelly@example.com', 'Kelly', 'William', '1717171717', 2);
INSERT INTO users (dni, email, lastname, name, phone_number, role) VALUES ('181818181C', 'olivia.howard@example.com', 'Howard', 'Olivia', '1818181818', 2);
INSERT INTO users (dni, email, lastname, name, phone_number, role) VALUES ('191919191D', 'liam.ward@example.com', 'Ward', 'Liam', '1919191919', 2);
INSERT INTO users (dni, email, lastname, name, phone_number, role) VALUES ('202020202E', 'ava.cox@example.com', 'Cox', 'Ava', '2020202020', 2);
INSERT INTO users (dni, email, lastname, name, phone_number, role) VALUES ('212121212F', 'noah.richardson@example.com', 'Richardson', 'Noah', '2121212121', 2);
INSERT INTO users (dni, email, lastname, name, phone_number, role) VALUES ('222222222G', 'isabella.wood@example.com', 'Wood', 'Isabella', '2222222222', 2);
INSERT INTO users (dni, email, lastname, name, phone_number, role) VALUES ('232323232H', 'james.watson@example.com', 'Watson', 'James', '2323232323', 2);
INSERT INTO users (dni, email, lastname, name, phone_number, role) VALUES ('242424242I', 'william.brooks@example.com', 'Brooks', 'William', '2424242424', 2);
INSERT INTO users (dni, email, lastname, name, phone_number, role) VALUES ('252525252J', 'olivia.bennett@example.com', 'Bennett', 'Olivia', '2525252525', 2);
INSERT INTO users (dni, email, lastname, name, phone_number, role) VALUES ('223254222G', 'isabel.willow@example.com', 'Willow', 'Isabel', '2222222223', 2);
INSERT INTO users (dni, email, lastname, name, phone_number, role) VALUES ('233254232H', 'james.rodrin@example.com', 'Rodriguez', 'James', '2323232143', 2);
INSERT INTO users (dni, email, lastname, name, phone_number, role) VALUES ('242154242I', 'william.belto@example.com', 'Belto', 'William', '2424225824', 2);
INSERT INTO users (dni, email, lastname, name, phone_number, role) VALUES ('252522154J', 'olivia.bcarlos@example.com', 'Carlos', 'Olivia', '2525369525', 2);

--POBLACION TABLE CITIES
INSERT INTO cities (name) VALUES ('Cairo');
INSERT INTO cities (name) VALUES ('Johannesburg');
INSERT INTO cities (name) VALUES ('Nairobi');
INSERT INTO cities (name) VALUES ('Lagos');
INSERT INTO cities (name) VALUES ('Cape Town');
INSERT INTO cities (name) VALUES ('Buenos Aires');
INSERT INTO cities (name) VALUES ('São Paulo');
INSERT INTO cities (name) VALUES ('Lima');
INSERT INTO cities (name) VALUES ('Bogotá');
INSERT INTO cities (name) VALUES ('Rio de Janeiro');
INSERT INTO cities (name) VALUES ('Tokyo');
INSERT INTO cities (name) VALUES ('New York City');
INSERT INTO cities (name) VALUES ('London');
INSERT INTO cities (name) VALUES ('Paris');
INSERT INTO cities (name) VALUES ('Moscow');
INSERT INTO cities (name) VALUES ('Sydney');
INSERT INTO cities (name) VALUES ('Dubai');
INSERT INTO cities (name) VALUES ('Hong Kong');
INSERT INTO cities (name) VALUES ('Berlin');
INSERT INTO cities (name) VALUES ('Bucaramanga');

--POBLACION TABLE SHELTERS
INSERT INTO shelters (id_city, name) VALUES (1, 'Hope Shelter');
INSERT INTO shelters (id_city, name) VALUES (3, 'Angels Refuge');
INSERT INTO shelters (id_city, name) VALUES (5, 'Mercy Haven');
INSERT INTO shelters (id_city, name) VALUES (2, 'Grace House');
INSERT INTO shelters (id_city, name) VALUES (4, 'Rescue Center');
INSERT INTO shelters (id_city, name) VALUES (7, 'Safe Haven');
INSERT INTO shelters (id_city, name) VALUES (8, 'Compassion Corner');
INSERT INTO shelters (id_city, name) VALUES (6, 'Sanctuary Shelter');
INSERT INTO shelters (id_city, name) VALUES (1, 'Harmony Haven');
INSERT INTO shelters (id_city, name) VALUES (3, 'New Beginnings');
INSERT INTO shelters (id_city, name) VALUES (5, 'Phoenix Shelter');
INSERT INTO shelters (id_city, name) VALUES (2, 'Serene Refuge');
INSERT INTO shelters (id_city, name) VALUES (4, 'Solace House');
INSERT INTO shelters (id_city, name) VALUES (7, 'Unity Shelter');
INSERT INTO shelters (id_city, name) VALUES (8, 'Empathy Center');
INSERT INTO shelters (id_city, name) VALUES (6, 'Tranquility Haven');
INSERT INTO shelters (id_city, name) VALUES (1, 'Caring Corner');
INSERT INTO shelters (id_city, name) VALUES (3, 'Eagles Nest');
INSERT INTO shelters (id_city, name) VALUES (5, 'Sunrise Shelter');
INSERT INTO shelters (id_city, name) VALUES (2, 'Peace Palace');

--POBLACION TABLE CAMPUSES
INSERT INTO campuses (address, id_city, id_director) VALUES ('123 Main Street, Buenos Aires, Argentina', 6, 3);
INSERT INTO campuses (address, id_city, id_director) VALUES ('456 Elm Street, São Paulo, Brazil', 7, 4);
INSERT INTO campuses (address, id_city, id_director) VALUES ('789 Oak Street, Lima, Peru', 8, 5);
INSERT INTO campuses (address, id_city, id_director) VALUES ('321 Maple Avenue, Bogotá, Colombia', 9, 6);
INSERT INTO campuses (address, id_city, id_director) VALUES ('567 Pine Road, Rio de Janeiro, Brazil', 10, 7);
INSERT INTO campuses (address, id_city, id_director) VALUES ('890 Cedar Drive, Tokyo, Japan', 11, 8);
INSERT INTO campuses (address, id_city, id_director) VALUES ('432 Birch Lane, New York City, USA', 12, 9);
INSERT INTO campuses (address, id_city, id_director) VALUES ('654 Walnut Boulevard, London, UK', 13, 10);

--POBLACION TABLE QUOTA_TYPE
INSERT INTO quota_type (name, price) VALUES ('minimun', 10);
INSERT INTO quota_type (name, price) VALUES ('medium', 20);
INSERT INTO quota_type (name, price) VALUES ('maximum', 30);

--POBLACION TABLE PARTNERS
INSERT INTO partners (num_account, paymeent_at, id_campus, id_quota_type, id_user) VALUES ('ABC1-2345-DEF6', TIMESTAMP '2023-01-01', 1, 1, 13);
INSERT INTO partners (num_account, paymeent_at, id_campus, id_quota_type, id_user) VALUES ('GHI7-8901-JKL2', TIMESTAMP '2023-02-05', 1, 2, 14);
INSERT INTO partners (num_account, paymeent_at, id_campus, id_quota_type, id_user) VALUES ('MNO3-4567-PQR8', TIMESTAMP '2023-03-10', 1, 3, 15);
INSERT INTO partners (num_account, paymeent_at, id_campus, id_quota_type, id_user) VALUES ('STU9-0123-VWX4', TIMESTAMP '2023-04-15', 2, 1, 16);
INSERT INTO partners (num_account, paymeent_at, id_campus, id_quota_type, id_user) VALUES ('YZA5-6789-BCD0', TIMESTAMP '2023-05-20', 2, 2, 17);
INSERT INTO partners (num_account, paymeent_at, id_campus, id_quota_type, id_user) VALUES ('EFG1-2345-HIJ6', TIMESTAMP '2023-06-25', 2, 3, 18);
INSERT INTO partners (num_account, paymeent_at, id_campus, id_quota_type, id_user) VALUES ('KLM7-8901-NOP2', TIMESTAMP '2023-07-30', 3, 1, 19);
INSERT INTO partners (num_account, paymeent_at, id_campus, id_quota_type, id_user) VALUES ('QRS3-4567-TUV8', TIMESTAMP '2023-08-04', 3, 2, 20);
INSERT INTO partners (num_account, paymeent_at, id_campus, id_quota_type, id_user) VALUES ('WXY9-0123-ZAB4', TIMESTAMP '2023-09-09', 3, 3, 21);
INSERT INTO partners (num_account, paymeent_at, id_campus, id_quota_type, id_user) VALUES ('CDE5-6789-FGH0', TIMESTAMP '2023-10-14', 1, 1, 22);
INSERT INTO partners (num_account, paymeent_at, id_campus, id_quota_type, id_user) VALUES ('IJK1-2345-LMN6', TIMESTAMP '2023-11-19', 1, 2, 23);
INSERT INTO partners (num_account, paymeent_at, id_campus, id_quota_type, id_user) VALUES ('OPQ7-8901-RST2', TIMESTAMP '2023-12-24', 1, 3, 24);
INSERT INTO partners (num_account, paymeent_at, id_campus, id_quota_type, id_user) VALUES ('UVW3-4567-XYZ8', TIMESTAMP '2024-01-05', 4, 1, 25);
INSERT INTO partners (num_account, paymeent_at, id_campus, id_quota_type, id_user) VALUES ('ABC9-0123-DEF4', TIMESTAMP '2024-02-10', 4, 2, 26);
INSERT INTO partners (num_account, paymeent_at, id_campus, id_quota_type, id_user) VALUES ('GHI5-6789-JKL0', TIMESTAMP '2024-03-15', 5, 3, 27);

--POBLACION TABLE VOLUNTEERS
INSERT INTO volunteers (id_campus, id_user) VALUES (1, 28);
INSERT INTO volunteers (id_campus, id_user) VALUES (1, 29);
INSERT INTO volunteers (id_campus, id_user) VALUES (1, 30);
INSERT INTO volunteers (id_campus, id_user) VALUES (1, 31);
INSERT INTO volunteers (id_campus, id_user) VALUES (2, 32);
INSERT INTO volunteers (id_campus, id_user) VALUES (2, 33);
INSERT INTO volunteers (id_campus, id_user) VALUES (2, 34);
INSERT INTO volunteers (id_campus, id_user) VALUES (2, 35);
INSERT INTO volunteers (id_campus, id_user) VALUES (3, 36);
INSERT INTO volunteers (id_campus, id_user) VALUES (3, 37);
INSERT INTO volunteers (id_campus, id_user) VALUES (3, 38);
INSERT INTO volunteers (id_campus, id_user) VALUES (3, 39);
INSERT INTO volunteers (id_campus, id_user) VALUES (4, 40);

--POBLACION TABLE OCCUPATIONS
INSERT INTO occupations (name) VALUES ('Medical Doctor');
INSERT INTO occupations (name) VALUES ('Nurse');
INSERT INTO occupations (name) VALUES ('Paramedic');
INSERT INTO occupations (name) VALUES ('Translator');
INSERT INTO occupations (name) VALUES ('Psychologist');
INSERT INTO occupations (name) VALUES ('Social Worker');

--POBLACIÓN TABLE VOLUNTEERS_H
INSERT INTO volunteers_h (available, num_missions, id_occupation, id_volunteer) VALUES (true, 0, 1, 4);
INSERT INTO volunteers_h (available, num_missions, id_occupation, id_volunteer) VALUES (true, 0, 1, 5);
INSERT INTO volunteers_h (available, num_missions, id_occupation, id_volunteer) VALUES (true, 0, 2, 6);
INSERT INTO volunteers_h (available, num_missions, id_occupation, id_volunteer) VALUES (true, 0, 2, 7);
INSERT INTO volunteers_h (available, num_missions, id_occupation, id_volunteer) VALUES (true, 0, 2, 8);
INSERT INTO volunteers_h (available, num_missions, id_occupation, id_volunteer) VALUES (true, 0, 3, 9);
INSERT INTO volunteers_h (available, num_missions, id_occupation, id_volunteer) VALUES (true, 0, 4, 10);
INSERT INTO volunteers_h (available, num_missions, id_occupation, id_volunteer) VALUES (true, 0, 4, 11);
INSERT INTO volunteers_h (available, num_missions, id_occupation, id_volunteer) VALUES (true, 0, 5, 12);
INSERT INTO volunteers_h (available, num_missions, id_occupation, id_volunteer) VALUES (true, 0, 6, 13);

--POBLACION TABLE SHIPPINGS
INSERT INTO shippings (id, starts_at, finished, id_shelter) VALUES (1, TIMESTAMP '2023-03-01', true, 1);
INSERT INTO shippings (id, starts_at, finished, id_shelter) VALUES (2, TIMESTAMP '2023-05-01', true, 2);
INSERT INTO shippings (id, starts_at, finished, id_shelter) VALUES (3, TIMESTAMP '2023-07-01', true, 3);
INSERT INTO shippings (id, starts_at, finished, id_shelter) VALUES (4, TIMESTAMP '2023-11-01', true, 4);
INSERT INTO shippings (id, starts_at, finished, id_shelter) VALUES (5, TIMESTAMP '2024-01-01', false, 5);

--POBLACION TABLE SHIPPING_CAMPUS
INSERT INTO shipping_campus (id_shipping, id_campus) VALUES (1, 1);
INSERT INTO shipping_campus (id_shipping, id_campus) VALUES (1, 2);
INSERT INTO shipping_campus (id_shipping, id_campus) VALUES (1, 3);
INSERT INTO shipping_campus (id_shipping, id_campus) VALUES (1, 4);
INSERT INTO shipping_campus (id_shipping, id_campus) VALUES (1, 5);
INSERT INTO shipping_campus (id_shipping, id_campus) VALUES (2, 2);
INSERT INTO shipping_campus (id_shipping, id_campus) VALUES (2, 4);
INSERT INTO shipping_campus (id_shipping, id_campus) VALUES (3, 1);
INSERT INTO shipping_campus (id_shipping, id_campus) VALUES (4, 3);
INSERT INTO shipping_campus (id_shipping, id_campus) VALUES (4, 4);
INSERT INTO shipping_campus (id_shipping, id_campus) VALUES (4, 5);
INSERT INTO shipping_campus (id_shipping, id_campus) VALUES (4, 6);
INSERT INTO shipping_campus (id_shipping, id_campus) VALUES (5, 3);

--POBLACION TABLE MATERIAL_AIDS
INSERT INTO material_aids (amount, id_product, id_shipping) VALUES (85.5, 1, 1);
INSERT INTO material_aids (amount, id_product, id_shipping) VALUES (65.2, 2, 1);
INSERT INTO material_aids (amount, id_product, id_shipping) VALUES (82.7, 3, 1);
INSERT INTO material_aids (amount, id_product, id_shipping) VALUES (40.3, 4, 1);
INSERT INTO material_aids (amount, id_product, id_shipping) VALUES (29.8, 5, 1);
INSERT INTO material_aids (amount, id_product, id_shipping) VALUES (11.6, 6, 1);
INSERT INTO material_aids (amount, id_product, id_shipping) VALUES (71.2, 1, 2);
INSERT INTO material_aids (amount, id_product, id_shipping) VALUES (130.0, 15, 2);
INSERT INTO material_aids (amount, id_product, id_shipping) VALUES (60.0, 16, 3);
INSERT INTO material_aids (amount, id_product, id_shipping) VALUES (140.0, 15, 3);
INSERT INTO material_aids (amount, id_product, id_shipping) VALUES (100.0, 18, 3);
INSERT INTO material_aids (amount, id_product, id_shipping) VALUES (90.0, 19, 3);
INSERT INTO material_aids (amount, id_product, id_shipping) VALUES (80.0, 20, 3);
INSERT INTO material_aids (amount, id_product, id_shipping) VALUES (11.7, 4, 4);
INSERT INTO material_aids (amount, id_product, id_shipping) VALUES (31.8, 5, 4);
INSERT INTO material_aids (amount, id_product, id_shipping) VALUES (22.4, 6, 4);
INSERT INTO material_aids (amount, id_product, id_shipping) VALUES (16.9, 7, 4);
INSERT INTO material_aids (amount, id_product, id_shipping) VALUES (14.3, 8, 5);
INSERT INTO material_aids (amount, id_product, id_shipping) VALUES (10.8, 9, 5);
INSERT INTO material_aids (amount, id_product, id_shipping) VALUES (9.2, 10, 5);

--POBLACION REQUERIMENTS_H
INSERT INTO requeriments_h (amount, id_occupation, id_shipping) VALUES (2, 1, 1);
INSERT INTO requeriments_h (amount, id_occupation, id_shipping) VALUES (4, 2, 1);
INSERT INTO requeriments_h (amount, id_occupation, id_shipping) VALUES (1, 4, 1);
INSERT INTO requeriments_h (amount, id_occupation, id_shipping) VALUES (1, 5, 1);
INSERT INTO requeriments_h (amount, id_occupation, id_shipping) VALUES (1, 6, 1);
INSERT INTO requeriments_h (amount, id_occupation, id_shipping) VALUES (1, 1, 2);
INSERT INTO requeriments_h (amount, id_occupation, id_shipping) VALUES (2, 2, 2);
INSERT INTO requeriments_h (amount, id_occupation, id_shipping) VALUES (1, 6, 2);
INSERT INTO requeriments_h (amount, id_occupation, id_shipping) VALUES (1, 5, 3);
INSERT INTO requeriments_h (amount, id_occupation, id_shipping) VALUES (1, 6, 3);
INSERT INTO requeriments_h (amount, id_occupation, id_shipping) VALUES (1, 5, 4);
INSERT INTO requeriments_h (amount, id_occupation, id_shipping) VALUES (1, 6, 4);